-- \c travel_db

-- user 1: travelog@gmail.com
INSERT INTO locations (id, latitude, longitude) VALUES (598769, 37.80868606136313, -122.47609580717341); -- Golden Gate Bridge, SF (Day 1)
INSERT INTO locations (id, latitude, longitude) VALUES (598770, 37.752884, -122.447556); -- Twin Peaks, SF (Day 2)
INSERT INTO locations (id, latitude, longitude) VALUES (565430, 34.0522, -118.2437); -- LA
INSERT INTO locations (id, latitude, longitude) VALUES (555670, 40.7128, -74.0060); -- NYC
INSERT INTO locations (id, latitude, longitude) VALUES (576530, 48.8566, 2.3522); -- Paris
INSERT INTO locations (id, latitude, longitude) VALUES (576531, 36.9981912146513, -122.05795953402591); -- UCSC
INSERT INTO locations (id, latitude, longitude) VALUES (576532, 37.871960, -122.259094); -- UCB
INSERT INTO locations (id, latitude, longitude) VALUES (576533, 38.5373, -121.7500); -- UCD
INSERT INTO locations (id, latitude, longitude) VALUES (576534, 34.022415, -118.285530); -- USC
INSERT INTO locations (id, latitude, longitude) VALUES (576535, 47.655548, -122.303200); -- UDUB
INSERT INTO locations (id, latitude, longitude) VALUES (576536, 32.774799, -117.071869); -- SDSU 

INSERT INTO pins (id, user_id, location_id, created_at) VALUES (9999, 1, 598769, '2023-10-02 18:00:00'); -- SF GGB
INSERT INTO pins (id, user_id, location_id, created_at) VALUES (9998, 1, 598770, '2023-10-04 22:04:10'); -- SF Twin Peaks 
INSERT INTO pins (id, user_id, location_id, created_at) VALUES (9000, 1, 565430, '2023-10-30 8:54:00'); -- LA/Disney
INSERT INTO pins (id, user_id, location_id, created_at) VALUES (9001, 1, 576531, '2024-01-01 12:20:00'); -- UCSC
INSERT INTO pins (id, user_id, location_id, created_at) VALUES (9002, 1, 576532, '2024-01-02 12:20:00'); -- UCB
INSERT INTO pins (id, user_id, location_id, created_at) VALUES (9003, 1, 576533, '2024-01-03 12:20:00'); -- UCD
INSERT INTO pins (id, user_id, location_id, created_at) VALUES (9004, 1, 576534, '2024-01-04 12:20:00'); -- USC
INSERT INTO pins (id, user_id, location_id, created_at) VALUES (9005, 1, 576535, '2024-01-05 12:20:00'); -- UDUB
INSERT INTO pins (id, user_id, location_id, created_at) VALUES (9006, 1, 576536, '2024-01-06 12:20:00'); -- SDSU
INSERT INTO pins (id, user_id, location_id, created_at) VALUES (9234, 1, 555670, '2023-10-02 18:00:00'); -- NYC
INSERT INTO pins (id, user_id, location_id, created_at) VALUES (9678, 1, 576530, '2023-10-02 18:00:00'); -- Paris

INSERT INTO memories (id, user_id, pin_id, title, category, loc, condition, caption_text, init_date, end_date) VALUES (11111, 1, 9999, 'SF Day 1', 'CA Trip', 'Golden Gate Bridge', 'Visited', '[{"type":"text","content":"Visited the Golden Gate Bridge! It was super cloudy at first, but then the sky cleared up and we were able to see the bridge and the ocean!"},{"id":"img-1733235385216-0.43271530399269675","type":"image","content":"https://travelog-media.s3.amazonaws.com/7a8da2d9-6989-498b-ad4c-03d4ece32331-a.png","encodedContent": "data:image/png;base64,iVBORw0KGgoAAAANSUhEUgAACxigUHJRU5ErkJggg==", "dimensions": {"width":180, "height":42.81491907107671}},{"id":"img-1733235385216-0.43271530399269675","type":"image","content":"https://travelog-media.s3.amazonaws.com/818f81c4-75c9-4730-a995-1d192dda12ea-a.png","encodedContent": "data:image/png;base64,iVBORw0KGgoAAAANSUhEUgAACxigUHJRU5ErkJggg==", "dimensions": {"width":180, "height":42.81491907107671}}]', '2023-10-01 10:00:00', '2023-10-02 18:00:00');
INSERT INTO memories (id, user_id, pin_id, title, category, loc, condition, caption_text, init_date, end_date) VALUES (11112, 1, 9998, 'SF Day 2', 'CA Trip', 'Twin Peaks', 'Visited', '[{"type":"text","content":"A day-long picnic at Twin Peaks"},{"id":"img-1733235385216-0.43271530399269675","type":"image","content":"https://travelog-media.s3.amazonaws.com/e8b5c899-f0ee-4e7a-b63a-a141d69f3e0d-k.png","encodedContent": "data:image/png;base64,iVBORw0KGgoAAAANSUhEUgAACxigUHJRU5ErkJggg==", "dimensions": {"width":180, "height":42.81491907107671}},{"id":"img-1733235385216-0.43271530399269675","type":"image","content":"https://travelog-media.s3.amazonaws.com/670f78b2-3737-4b2d-ab6c-0e9a2b9fb16a-k.png","encodedContent": "data:image/png;base64,iVBORw0KGgoAAAANSUhEUgAACxigUHJRU5ErkJggg==", "dimensions": {"width":180, "height":42.81491907107671}}]', '2023-10-01 10:00:00', '2023-10-02 18:00:00');
INSERT INTO memories (id, user_id, pin_id, title, category, loc, condition, caption_text, init_date, end_date) VALUES (22222, 1, 9000, 'Los Angeles', 'CA Trip', 'DisneyLand !!', 'Visited', '[{"type":"text","content":"Halloween at Disney! Ate lots of food and went on many rides"},{"id":"img-1733235385216-0.43271530399269675","type":"image","content":"https://travelog-media.s3.amazonaws.com/afaee25d-157e-44cd-8cdb-ac3dddceb084-j.png","encodedContent": "data:image/png;base64,iVBORw0KGgoAAAANSUhEUgAACxigUHJRU5ErkJggg==", "dimensions": {"width":180, "height":42.81491907107671}},{"id":"img-1733235385216-0.43271530399269675","type":"image","content":"https://travelog-media.s3.amazonaws.com/c8071013-0ced-4fdc-a043-d5bb30a753dc-l.png","encodedContent": "data:image/png;base64,iVBORw0KGgoAAAANSUhEUgAACxigUHJRU5ErkJggg==", "dimensions": {"width":180, "height":42.81491907107671}},{"id":"img-1733235385216-0.43271530399269675","type":"image","content":"https://travelog-media.s3.amazonaws.com/57d56e39-25f2-4934-abc1-02404c133980-p.png","encodedContent": "data:image/png;base64,iVBORw0KGgoAAAANSUhEUgAACxigUHJRU5ErkJggg==", "dimensions": {"width":180, "height":42.81491907107671}},{"id":"img-1733235385216-0.43271530399269675","type":"image","content":"https://travelog-media.s3.amazonaws.com/cc0bda92-eded-4b66-8d9a-93082afd93cc-l.png","encodedContent": "data:image/png;base64,iVBORw0KGgoAAAANSUhEUgAACxigUHJRU5ErkJggg==", "dimensions": {"width":180, "height":42.81491907107671}},{"id":"img-1733235385216-0.43271530399269675","type":"image","content":"https://travelog-media.s3.amazonaws.com/45a4014b-50dc-499b-a45a-5b258abede45-jk.png","encodedContent": "data:image/png;base64,iVBORw0KGgoAAAANSUhEUgAACxigUHJRU5ErkJggg==", "dimensions": {"width":180, "height":42.81491907107671}}]', '2023-10-30 09:00:00', '2023-10-31 17:00:00');
INSERT INTO memories (id, user_id, pin_id, title, category, loc, condition, caption_text, init_date, end_date) VALUES (22223, 1, 9001, 'UCSC', 'Campus Tours', 'Santa Cruz', 'Visited', '[{"type":"text","content":"UCSC Campus Tour: We stopped by Porter Squiggle, East Field, and Baskin Engineering"},{"id":"img-1733235385216-0.43271530399269675","type":"image","content":"https://travelog-media.s3.amazonaws.com/5a0b3977-77de-4999-a593-bbae4e4ff2d5-j.png","encodedContent": "data:image/png;base64,iVggg==", "dimensions": {"width":180, "height":42.81491907107671}},{"id":"img-1733235385216-0.43271530399269675","type":"image","content":"https://travelog-media.s3.amazonaws.com/299d413f-88eb-4ddf-a469-f411b6355c3a-k.png","encodedContent": "data:image/png;base64,iVBORJggg==", "dimensions": {"width":180, "height":42.81491907107671}},{"id":"img-1733235385216-0.43271530399269675","type":"image","content":"https://travelog-media.s3.amazonaws.com/f04e24c5-2b8f-447d-b056-deaf46937ae5-l.png","encodedContent": "data:image/png;base64,iVBORJggg==", "dimensions": {"width":180, "height":42.81491907107671}}]', '2024-01-01 22:00:00', '2023-01-02 18:00:00');
INSERT INTO memories (id, user_id, pin_id, title, category, loc, condition, caption_text, init_date, end_date) VALUES (22224, 1, 9002, 'UC Berkeley', 'Campus Tours', 'Berkeley', 'Visited', '[{"type":"text","content":"UC Berkeley Campus Tour: We stopped by the botanical garden, Sproul Hall, and the football field"},{"id":"img-1733235385216-0.43271530399269675","type":"image","content":"https://travelog-media.s3.amazonaws.com/63290647-e4d6-43b8-b48a-70c1fa3b9dcc-j.png","encodedContent": "data:image/png;base64,iVggg==", "dimensions": {"width":180, "height":42.81491907107671}},{"id":"img-1733235385216-0.43271530399269675","type":"image","content":"https://travelog-media.s3.amazonaws.com/f316d72f-debb-4c5d-9f2b-32d8e86dabdb-k.png","encodedContent": "data:image/png;base64,iVBORJggg==", "dimensions": {"width":180, "height":42.81491907107671}},{"id":"img-1733235385216-0.43271530399269675","type":"image","content":"https://travelog-media.s3.amazonaws.com/98beb5b2-5e55-441b-86b3-ab2fcd5d7090-l.png","encodedContent": "data:image/png;base64,iVBORJggg==", "dimensions": {"width":180, "height":42.81491907107671}}]', '2024-01-01 22:00:00', '2023-01-02 18:00:00');
INSERT INTO memories (id, user_id, pin_id, title, category, loc, condition, caption_text, init_date, end_date) VALUES (22225, 1, 9003, 'UC Davis', 'Campus Tours', 'Davis', 'Visited', '[{"type":"text","content":"UC Davis Campus Tour: We stopped by the cows, dining commons, and library"},{"id":"img-1733235385216-0.43271530399269675","type":"image","content":"https://travelog-media.s3.amazonaws.com/8b34eb9b-d456-4d6a-8824-a4de2d7b2405-h.png","encodedContent": "data:image/png;base64,iVggg==", "dimensions": {"width":180, "height":42.81491907107671}},{"id":"img-1733235385216-0.43271530399269675","type":"image","content": "https://travelog-media.s3.amazonaws.com/1528f954-1c98-4999-b5d6-5654fc683310-i.png","encodedContent": "data:image/png;base64,iVBORJggg==", "dimensions": {"width":180, "height":42.81491907107671}},{"id":"img-1733235385216-0.43271530399269675","type":"image","content":"https://travelog-media.s3.amazonaws.com/344d0cba-8fca-43aa-a0e3-f3b328661774-j.png","encodedContent": "data:image/png;base64,iVBORJggg==", "dimensions": {"width":180, "height":42.81491907107671}},{"id":"img-1733235385216-0.43271530399269675","type":"image","content":"https://travelog-media.s3.amazonaws.com/37c7a8a4-92d9-4ff2-b04c-8136d52905b8-k.png","encodedContent": "data:image/png;base64,iVggg==", "dimensions": {"width":180, "height":42.81491907107671}},{"id":"img-1733235385216-0.43271530399269675","type":"image","content":"https://travelog-media.s3.amazonaws.com/66568ff8-832e-4254-bcea-d3ab74f4e0ce-l.png","encodedContent": "data:image/png;base64,iVggg==", "dimensions": {"width":180, "height":42.81491907107671}}, {"id":"img-1733235385216-0.43271530399269675","type":"image","content":"https://travelog-media.s3.amazonaws.com/e8ee0a43-849b-4691-a7cc-e25c41c2f4ba-j.png","encodedContent": "data:image/png;base64,iVggg==", "dimensions": {"width":180, "height":42.81491907107671}}]', '2024-01-03 22:00:00', '2023-01-03 18:00:00');
INSERT INTO memories (id, user_id, pin_id, title, category, loc, condition, caption_text, init_date, end_date) VALUES (22226, 1, 9004, 'USC', 'Campus Tours', 'Los Angeles', 'Visited', '[{"type":"text","content":"USC Campus Tour: We were just passing by, but I snapped a few photos of the buildings"},{"id":"img-1733235385216-0.43271530399269675","type":"image","content":"https://travelog-media.s3.amazonaws.com/dd2c6339-fbfb-468c-8a0f-28890bf43f12-h.png","encodedContent": "data:image/png;base64,iVggg==", "dimensions": {"width":180, "height":42.81491907107671}},{"id":"img-1733235385216-0.43271530399269675","type":"image","content":"https://travelog-media.s3.amazonaws.com/a796af98-b30d-4187-b794-0258d5349c65-i.png","encodedContent": "data:image/png;base64,iVBORJggg==", "dimensions": {"width":180, "height":42.81491907107671}},{"id":"img-1733235385216-0.43271530399269675","type":"image","content":"https://travelog-media.s3.amazonaws.com/83c40dc1-ca0f-4bf0-838c-f60e778fd066-j.png", "dimensions": {"width":180, "height":42.81491907107671}}]', '2024-01-04 22:00:00', '2023-01-04 18:00:00');
INSERT INTO memories (id, user_id, pin_id, title, category, loc, condition, caption_text, init_date, end_date) VALUES (22227, 1, 9005, 'UDUB', 'Campus Tours', 'Seattle, WA', 'Planned', '[{"type":"text","content":"TBD! Planning to visit over Spring Break, but I am most excited for the cherry blossoms -- here is a filler picture from online!"},{"id":"img-1733235385216-0.43271530399269675","type":"image","content":"https://travelog-media.s3.amazonaws.com/13cf93b1-f6d7-44e5-b32b-f7ee6049ff81-h.png","encodedContent": "data:image/png;base64,iVBORJggg==", "dimensions": {"width":180, "height":42.81491907107671}}]', '2024-04-01 22:00:00', '2023-04-02 18:00:00');
INSERT INTO memories (id, user_id, pin_id, title, category, loc, condition, caption_text, init_date, end_date) VALUES (22228, 1, 9006, 'SDSU', 'Campus Tours', 'San Diego', 'Visited', '[{"type":"text","content":"SDSU Campus Tour: Lots of great architecture! We spent the entire day exploring the buildings"},{"id":"img-1733235385216-0.43271530399269675","type":"image","content":"https://travelog-media.s3.amazonaws.com/cb01449c-2b07-44f3-91d2-1d1cc71a091d-i.png","encodedContent": "data:image/png;base64,iVggg==", "dimensions": {"width":180, "height":42.81491907107671}},{"id":"img-1733235385216-0.43271530399269675","type":"image","content":"https://travelog-media.s3.amazonaws.com/23b31baf-2ea6-4b28-b1d0-79d0c0a79c33-h.png","encodedContent": "data:image/png;base64,iVBORJggg==", "dimensions": {"width":180, "height":42.81491907107671}},{"id":"img-1733235385216-0.43271530399269675","type":"image","content":"https://travelog-media.s3.amazonaws.com/2c348102-4fef-404e-ab4f-aa361c6b3ef8-j.png","encodedContent": "data:image/png;base64,iVBORJggg==", "dimensions": {"width":180, "height":42.81491907107671}}]', '2024-01-05 22:00:00', '2023-01-05 18:00:00');
INSERT INTO memories (id, user_id, pin_id, title, category, loc, condition, caption_text, init_date, end_date) VALUES (11113, 1, 9234, 'New York City', 'To Visit', 'New York', 'Planned', '[{"type":"text","content":"Planning to go for my graduation trip! A shopping spree in Times Square sounds fun"}]', '2024-07-01 10:00:00', '2024-07-14 18:00:00');
INSERT INTO memories (id, user_id, pin_id, title, category, loc, condition, caption_text, init_date, end_date) VALUES (11114, 1, 9678, 'Paris', 'To Visit', 'France', 'Planned', '[{"type":"text","content":"I want to see the Eiffel Tower and eat croissants!"}]', '2024-08-11 10:00:00', '2024-08-26 18:00:00');

-- user 2: molly@gmail.com

-- user 3: anna@gmail.com

-- {"id":"img-1733235385216-0.43271530399269675","type":"image","content":"","encodedContent": "data:image/png;base64,iVggg==", "dimensions": {"width":180, "height":42.81491907107671}}
-- INSERT INTO memories (id, user_id, pin_id, title, category, loc, condition, caption_text, init_date, end_date) VALUES (33333, 1, 9888, 'HK Trip', 'Wish', 'hk', 'Planned', 'Beach vacation in Bali', '2023-09-10 12:00:00', '2023-09-12 20:00:00');
-- INSERT INTO memories (id, user_id, pin_id, title, category, loc, condition, caption_text, init_date, end_date) VALUES (44444, 2, 9678, 'Paris Life', 'wish', 'paris', 'Visited', 'UCSC journal', '2023-09-10 12:00:00', '2023-09-12 20:00:00');
-- INSERT INTO memories (id, user_id, pin_id, title, category, loc, condition, caption_text, init_date, end_date) VALUES (55555, 2, 9234, 'NYC', 'favorite', 'new york', 'Planned', 'Helloooooo', '2023-09-10 12:00:00', '2023-09-12 20:00:00');
-- INSERT INTO memories (id, user_id, pin_id, title, category, loc, condition, caption_text, init_date, end_date) VALUES (66666, 2, 9812, 'Journal', 'wish', 'UCSC', 'Visited', 'qwerty', '2023-09-10 12:00:00', '2023-09-12 20:00:00');
-- INSERT INTO memories (id, user_id, pin_id, title, category, loc, condition, caption_text, init_date, end_date) VALUES (77777, 3, 9898, 'tripsss', 'wish', 'UCSC', 'Planned', 'asdfg', '2023-09-10 12:00:00', '2023-09-12 20:00:00');
-- INSERT INTO memories (id, user_id, pin_id, title, category, loc, condition, caption_text, init_date, end_date) VALUES (88888, 3, 9866, 'travel', 'wish', 'UCSC', 'Visited', 'zxcv', '2023-09-10 12:00:00', '2023-09-12 20:00:00');